city,state,lat,lng
Delhi,Delhi,28.6139,77.2090
Noida,Uttar Pradesh,28.5355,77.3910
Sector 62 Noida,Uttar Pradesh,28.6274,77.3716
Gurugram,Haryana,28.4595,77.0266
Mumbai,Maharashtra,19.0760,72.8777
Pune,Maharashtra,18.5204,73.8567
Nagpur,Maharashtra,21.1458,79.0882
Kolkata,West Bengal,22.5726,88.3639
Chennai,Tamil Nadu,13.0827,80.2707
Coimbatore,Tamil Nadu,11.0168,76.9558
Bengaluru,Karnataka,12.9716,77.5946
Mysuru,Karnataka,12.2958,76.6394
Hyderabad,Telangana,17.3850,78.4867
Ahmedabad,Gujarat,23.0225,72.5714
Surat,Gujarat,21.1702,72.8311
Jaipur,Rajasthan,26.9124,75.7873
Jodhpur,Rajasthan,26.2389,73.0243
Lucknow,Uttar Pradesh,26.8467,80.9462
Kanpur,Uttar Pradesh,26.4499,80.3319
Varanasi,Uttar Pradesh,25.3176,82.9739
Patna,Bihar,25.5941,85.1376
Guwahati,Assam,26.1445,91.7362
Bhopal,Madhya Pradesh,23.2599,77.4126
Indore,Madhya Pradesh,22.7196,75.8577
Chandigarh,Chandigarh,30.7333,76.7794
Amritsar,Punjab,31.6340,74.8723
Thiruvananthapuram,Kerala,8.5241,76.9366
Kochi,Kerala,9.9312,76.2673
Bhubaneswar,Odisha,20.2961,85.8245
Ranchi,Jharkhand,23.3441,85.3096
Raipur,Chhattisgarh,21.2514,81.6296
Dehradun,Uttarakhand,30.3165,78.0322
Shimla,Himachal Pradesh,31.1048,77.1734
Srinagar,Jammu and Kashmir,34.0837,74.7973
Panaji,Goa,15.4909,73.8278
Visakhapatnam,Andhra Pradesh,17.6868,83.2185
Vijayawada,Andhra Pradesh,16.5062,80.6480
Agartala,Tripura,23.8315,91.2868
Imphal,Manipur,24.8170,93.9368
Shillong,Meghalaya,25.5788,91.8933
Gandhinagar,Gujarat,23.2156,72.6369
Faridabad,Haryana,28.4089,77.3178
Ghaziabad,Uttar Pradesh,28.6692,77.4538
Nashik,Maharashtra,19.9975,73.7898
Thane,Maharashtra,19.2183,72.9781
Madurai,Tamil Nadu,9.9252,78.1198
Vadodara,Gujarat,22.3072,73.1812
